Workbook

Sheet PORTADA
B2: GRUPO CANVILLE | E2: VERSIÓN 2.0 · MÉXICO
B4: KARDEX
B6: Formato administrativo profesional · editable · listo para imprimir
C9: FÓRMULAS AUTOMÁTICAS | D9: LISTAS DESPLEGABLES | E9: HOJAS PROTEGIDAS | F9: LISTO PARA IMPRIMIR
B15: ¿QUÉ INCLUYE ESTE ARCHIVO?
B16: ▸ | C16: FORMATO | D16: Hoja principal de captura. Aquí registras tu información; las celdas grises calculan solas.
B17: ▸ | C17: RESUMEN | D17: Tablero con indicadores y gráficas que se actualizan automáticamente con tus datos.
B18: ▸ | C18: AYUDA | D18: Preguntas frecuentes, glosario y lista de verificación para cerrar tu periodo.
B20: CÓMO USARLO
B21: 1 | C21: Un kardex por artículo. Registra cada movimiento en orden cronológico.
B22: 2 | C22: Para una entrada, captura cantidad y costo unitario; para una salida solo la cantidad.
B23: 3 | C23: La salida se valúa automáticamente al costo promedio del renglón anterior.
B24: 4 | C24: El saldo en unidades e importe se actualiza en cada renglón.
B25: 5 | C25: Personaliza: inserta tu logotipo en el recuadro punteado de la esquina superior derecha (Insertar > Imágenes) y captura los datos de tu empresa en las celdas de captura.
B27: RECOMENDACIONES DE USO
B28: ✓ | C28: Un kardex por artículo; guarda cada uno en una hoja o archivo distinto.
B29: ✓ | C29: Las salidas se valúan al costo promedio vigente: no captures costo en las salidas.
B30: ✓ | C30: Registra los movimientos en orden cronológico.
B31: ✓ | C31: Concilia el saldo final contra el conteo físico.
B33: LEYENDA DE COLORES
C34: CELDA DE CAPTURA: escribe aquí.
C35: CÁLCULO AUTOMÁTICO: no la modifiques.
C36: ENCABEZADOS Y TÍTULOS.
B38: GRUPO CANVILLE · Formatos administrativos · Para uso interno de tu empresa

Sheet FORMATO
A1: KARDEX DE ARTÍCULO (COSTO PROMEDIO) | L1: INSERTE SU LOGO (clic derecho > Insertar imagen)
A2: Movimientos de entradas y salidas con costo promedio ponderado
A4: ARTÍCULO | F4: CÓDIGO
A5: UNIDAD
E7: ENTRADAS | H7: SALIDAS | K7: SALDO
A8: NO. | B8: FECHA | C8: DOCUMENTO | D8: CONCEPTO | E8: CANT. | F8: COSTO UNIT. | G8: IMPORTE | H8: CANT. | I8: COSTO UNIT. | J8: IMPORTE | K8: CANT. | L8: COSTO PROM. | M8: IMPORTE
A9: 1 | G9: =IF(E9="","",E9*F9) | I9: =IF(H9="","",0) | J9: =IF(H9="","",H9*I9) | K9: =IF(AND(E9="",H9=""),"",N(E9)-N(H9)) | L9: =IF(K9="","",IF(K9=0,0,M9/K9)) | M9: =IF(K9="","",N(G9)-N(J9))
A10: 2 | G10: =IF(E10="","",E10*F10) | I10: =IF(H10="","",L9) | J10: =IF(H10="","",H10*I10) | K10: =IF(AND(E10="",H10=""),"",N(K9)+N(E10)-N(H10)) | L10: =IF(K10="","",IF(K10=0,0,M10/K10)) | M10: =IF(K10="","",N(M9)+N(G10)-N(J10))
A11: 3 | G11: =IF(E11="","",E11*F11) | I11: =IF(H11="","",L10) | J11: =IF(H11="","",H11*I11) | K11: =IF(AND(E11="",H11=""),"",N(K10)+N(E11)-N(H11)) | L11: =IF(K11="","",IF(K11=0,0,M11/K11)) | M11: =IF(K11="","",N(M10)+N(G11)-N(J11))
A12: 4 | G12: =IF(E12="","",E12*F12) | I12: =IF(H12="","",L11) | J12: =IF(H12="","",H12*I12) | K12: =IF(AND(E12="",H12=""),"",N(K11)+N(E12)-N(H12)) | L12: =IF(K12="","",IF(K12=0,0,M12/K12)) | M12: =IF(K12="","",N(M11)+N(G12)-N(J12))
A13: 5 | G13: =IF(E13="","",E13*F13) | I13: =IF(H13="","",L12) | J13: =IF(H13="","",H13*I13) | K13: =IF(AND(E13="",H13=""),"",N(K12)+N(E13)-N(H13)) | L13: =IF(K13="","",IF(K13=0,0,M13/K13)) | M13: =IF(K13="","",N(M12)+N(G13)-N(J13))
A14: 6 | G14: =IF(E14="","",E14*F14) | I14: =IF(H14="","",L13) | J14: =IF(H14="","",H14*I14) | K14: =IF(AND(E14="",H14=""),"",N(K13)+N(E14)-N(H14)) | L14: =IF(K14="","",IF(K14=0,0,M14/K14)) | M14: =IF(K14="","",N(M13)+N(G14)-N(J14))
A15: 7 | G15: =IF(E15="","",E15*F15) | I15: =IF(H15="","",L14) | J15: =IF(H15="","",H15*I15) | K15: =IF(AND(E15="",H15=""),"",N(K14)+N(E15)-N(H15)) | L15: =IF(K15="","",IF(K15=0,0,M15/K15)) | M15: =IF(K15="","",N(M14)+N(G15)-N(J15))
A16: 8 | G16: =IF(E16="","",E16*F16) | I16: =IF(H16="","",L15) | J16: =IF(H16="","",H16*I16) | K16: =IF(AND(E16="",H16=""),"",N(K15)+N(E16)-N(H16)) | L16: =IF(K16="","",IF(K16=0,0,M16/K16)) | M16: =IF(K16="","",N(M15)+N(G16)-N(J16))
A17: 9 | G17: =IF(E17="","",E17*F17) | I17: =IF(H17="","",L16) | J17: =IF(H17="","",H17*I17) | K17: =IF(AND(E17="",H17=""),"",N(K16)+N(E17)-N(H17)) | L17: =IF(K17="","",IF(K17=0,0,M17/K17)) | M17: =IF(K17="","",N(M16)+N(G17)-N(J17))
A18: 10 | G18: =IF(E18="","",E18*F18) | I18: =IF(H18="","",L17) | J18: =IF(H18="","",H18*I18) | K18: =IF(AND(E18="",H18=""),"",N(K17)+N(E18)-N(H18)) | L18: =IF(K18="","",IF(K18=0,0,M18/K18)) | M18: =IF(K18="","",N(M17)+N(G18)-N(J18))
A19: 11 | G19: =IF(E19="","",E19*F19) | I19: =IF(H19="","",L18) | J19: =IF(H19="","",H19*I19) | K19: =IF(AND(E19="",H19=""),"",N(K18)+N(E19)-N(H19)) | L19: =IF(K19="","",IF(K19=0,0,M19/K19)) | M19: =IF(K19="","",N(M18)+N(G19)-N(J19))
A20: 12 | G20: =IF(E20="","",E20*F20) | I20: =IF(H20="","",L19) | J20: =IF(H20="","",H20*I20) | K20: =IF(AND(E20="",H20=""),"",N(K19)+N(E20)-N(H20)) | L20: =IF(K20="","",IF(K20=0,0,M20/K20)) | M20: =IF(K20="","",N(M19)+N(G20)-N(J20))
A21: 13 | G21: =IF(E21="","",E21*F21) | I21: =IF(H21="","",L20) | J21: =IF(H21="","",H21*I21) | K21: =IF(AND(E21="",H21=""),"",N(K20)+N(E21)-N(H21)) | L21: =IF(K21="","",IF(K21=0,0,M21/K21)) | M21: =IF(K21="","",N(M20)+N(G21)-N(J21))
... A208: 200 | G208: =IF(E208="","",E208*F208) | I208: =IF(H208="","",L207) | J208: =IF(H208="","",H208*I208) | K208: =IF(AND(E208="",H208=""),"",N(K207)+N(E208)-N(H208)) | L208: =IF(K208="","",IF(K208=0,0,M208/K208)) | M208: =IF(K208="","",N(M207)+N(G208)-N(J208))

Sheet RESUMEN
A1: RESUMEN DEL KARDEX | H1: INSERTE SU LOGO (clic derecho > Insertar imagen)
A2: Existencia actual, costo promedio y movimientos
B4: EXISTENCIA ACTUAL | D4: COSTO PROMEDIO | F4: VALOR DEL INVENTARIO | H4: MOVIMIENTOS
B5: =IFERROR(LOOKUP(2,1/(FORMATO!K9:K208<>""),FORMATO!K9:K208),0) | D5: =IFERROR(LOOKUP(2,1/(FORMATO!L9:L208<>""),FORMATO!L9:L208),0) | F5: =IFERROR(LOOKUP(2,1/(FORMATO!M9:M208<>""),FORMATO!M9:M208),0) | H5: =COUNT(FORMATO!E9:E208)+COUNT(FORMATO!H9:H208)
B25: CONCEPTO | C25: UNIDADES | D25: IMPORTE
B26: ENTRADAS | C26: =SUM(FORMATO!E9:E208) | D26: =SUM(FORMATO!G9:G208)
B27: SALIDAS | C27: =SUM(FORMATO!H9:H208) | D27: =SUM(FORMATO!J9:J208)

Sheet AYUDA
B1: AYUDA Y PREGUNTAS FRECUENTES
B2: KARDEX
B5: PREGUNTAS FRECUENTES
C6: ¿Qué es el costo promedio? | D6: Importe total del inventario dividido entre las unidades; se recalcula con cada entrada.
C7: ¿Sirve para PEPS? | D7: No, este formato usa costo promedio ponderado.
C8: ¿Por qué no puedo escribir en algunas celdas? | D8: La hoja está protegida para que no se borren fórmulas por accidente. Solo se editan las celdas de captura (color crema). Si necesitas modificar algo más: pestaña Revisar > Desproteger hoja (no tiene contraseña).
C9: ¿Cómo agrego mi logotipo? | D9: Haz clic en el recuadro punteado de la esquina superior derecha del formato y usa Insertar > Imágenes. Ajusta el tamaño sin salirte del recuadro.
C10: ¿Cómo lo imprimo o lo convierto a PDF? | D10: Archivo > Imprimir (ya está ajustado a una hoja de ancho). Para PDF elige 'Microsoft Print to PDF' o Archivo > Exportar > PDF.
C11: ¿Con qué versiones de Excel funciona? | D11: Excel 2016, 2019, 2021 y Microsoft 365 (Windows y Mac). Funciona en LibreOffice y Google Sheets, aunque algunas gráficas y formatos pueden verse distintos.
C12: ¿Por qué la letra se ve diferente? | D12: El diseño usa la fuente Abadi, incluida en Microsoft 365. Si tu versión no la tiene, Excel la sustituye por otra; no afecta el funcionamiento.
C13: ¿Puedo usarlo en varias empresas o por varios años? | D13: Sí. Guarda una copia del archivo por empresa o por periodo (Archivo > Guardar como) y deja el original en blanco como plantilla maestra.
B15: GLOSARIO
C16: COSTO PROMEDIO | D16: Valor total / unidades disponibles.
C17: ENTRADA | D17: Compra, devolución de cliente o ajuste positivo.
C18: SALIDA | D18: Venta, consumo, merma o ajuste negativo.
B20: LISTA DE VERIFICACIÓN (marca ☑ al completar)
B21: ☐ | C21: Documentos de entrada y salida capturados
B22: ☐ | C22: Saldos coinciden con conteo físico
B23: ☐ | C23: Ajustes autorizados
