Workbook

Sheet Portada
B2: GRUPO CANVILLE
B4: Control de vacaciones
B5: Formato administrativo editable · México
B10: CÓMO USARLO
B11: 1 | C11: Captura fecha de ingreso, días tomados y sueldo diario de cada empleado.
B12: 2 | C12: Los años de servicio y los días que corresponden se calculan con la tabla de la Ley Federal del Trabajo (hoja 'Tabla LFT').
B13: 3 | C13: La prima vacacional (25%) se calcula sobre los días pendientes.
B14: 4 | C14: Verifica siempre la tabla contra la legislación vigente y tu contrato colectivo, si aplica.
B15: 5 | C15: Personaliza: en el recuadro punteado de la esquina superior derecha inserta tu logo (Insertar > Imágenes) y captura los datos de tu empresa en las celdas de captura.
B17: LEYENDA
C18: Celda de captura: escribe aquí.
C19: Cálculo automático: no la modifiques.
C20: Encabezados y títulos.
B23: GRUPO CANVILLE · Formatos administrativos · v1.0

Sheet Formato
A1: CONTROL DE VACACIONES | I1: INSERTE SU LOGO (clic derecho > Insertar imagen)
A2: Días según antigüedad (Reforma Vacaciones Dignas, LFT 2023)
A4: Empresa | F4: Fecha de corte | G4: =TODAY()
A6: No. | B6: Empleado | C6: Fecha ingreso | D6: Años cumplidos | E6: Días que corresponden | F6: Días tomados | G6: Días pendientes | H6: Prima vacacional 25% | I6: Sueldo diario
A7: 1 | D7: =IF(C7="","",DATEDIF(C7,$G$4,"Y")) | E7: =IF(C7="","",IF(D7<1,0,LOOKUP(D7,'Tabla LFT'!$A$2:$A$12,'Tabla LFT'!$B$2:$B$12))) | G7: =IF(C7="","",E7-F7) | H7: =IF(OR(C7="",I7=""),"",ROUND(I7*G7*0.25,2))
A8: 2 | D8: =IF(C8="","",DATEDIF(C8,$G$4,"Y")) | E8: =IF(C8="","",IF(D8<1,0,LOOKUP(D8,'Tabla LFT'!$A$2:$A$12,'Tabla LFT'!$B$2:$B$12))) | G8: =IF(C8="","",E8-F8) | H8: =IF(OR(C8="",I8=""),"",ROUND(I8*G8*0.25,2))
A9: 3 | D9: =IF(C9="","",DATEDIF(C9,$G$4,"Y")) | E9: =IF(C9="","",IF(D9<1,0,LOOKUP(D9,'Tabla LFT'!$A$2:$A$12,'Tabla LFT'!$B$2:$B$12))) | G9: =IF(C9="","",E9-F9) | H9: =IF(OR(C9="",I9=""),"",ROUND(I9*G9*0.25,2))
A10: 4 | D10: =IF(C10="","",DATEDIF(C10,$G$4,"Y")) | E10: =IF(C10="","",IF(D10<1,0,LOOKUP(D10,'Tabla LFT'!$A$2:$A$12,'Tabla LFT'!$B$2:$B$12))) | G10: =IF(C10="","",E10-F10) | H10: =IF(OR(C10="",I10=""),"",ROUND(I10*G10*0.25,2))
A11: 5 | D11: =IF(C11="","",DATEDIF(C11,$G$4,"Y")) | E11: =IF(C11="","",IF(D11<1,0,LOOKUP(D11,'Tabla LFT'!$A$2:$A$12,'Tabla LFT'!$B$2:$B$12))) | G11: =IF(C11="","",E11-F11) | H11: =IF(OR(C11="",I11=""),"",ROUND(I11*G11*0.25,2))
A12: 6 | D12: =IF(C12="","",DATEDIF(C12,$G$4,"Y")) | E12: =IF(C12="","",IF(D12<1,0,LOOKUP(D12,'Tabla LFT'!$A$2:$A$12,'Tabla LFT'!$B$2:$B$12))) | G12: =IF(C12="","",E12-F12) | H12: =IF(OR(C12="",I12=""),"",ROUND(I12*G12*0.25,2))
A13: 7 | D13: =IF(C13="","",DATEDIF(C13,$G$4,"Y")) | E13: =IF(C13="","",IF(D13<1,0,LOOKUP(D13,'Tabla LFT'!$A$2:$A$12,'Tabla LFT'!$B$2:$B$12))) | G13: =IF(C13="","",E13-F13) | H13: =IF(OR(C13="",I13=""),"",ROUND(I13*G13*0.25,2))
A14: 8 | D14: =IF(C14="","",DATEDIF(C14,$G$4,"Y")) | E14: =IF(C14="","",IF(D14<1,0,LOOKUP(D14,'Tabla LFT'!$A$2:$A$12,'Tabla LFT'!$B$2:$B$12))) | G14: =IF(C14="","",E14-F14) | H14: =IF(OR(C14="",I14=""),"",ROUND(I14*G14*0.25,2))
A15: 9 | D15: =IF(C15="","",DATEDIF(C15,$G$4,"Y")) | E15: =IF(C15="","",IF(D15<1,0,LOOKUP(D15,'Tabla LFT'!$A$2:$A$12,'Tabla LFT'!$B$2:$B$12))) | G15: =IF(C15="","",E15-F15) | H15: =IF(OR(C15="",I15=""),"",ROUND(I15*G15*0.25,2))
A16: 10 | D16: =IF(C16="","",DATEDIF(C16,$G$4,"Y")) | E16: =IF(C16="","",IF(D16<1,0,LOOKUP(D16,'Tabla LFT'!$A$2:$A$12,'Tabla LFT'!$B$2:$B$12))) | G16: =IF(C16="","",E16-F16) | H16: =IF(OR(C16="",I16=""),"",ROUND(I16*G16*0.25,2))
A17: 11 | D17: =IF(C17="","",DATEDIF(C17,$G$4,"Y")) | E17: =IF(C17="","",IF(D17<1,0,LOOKUP(D17,'Tabla LFT'!$A$2:$A$12,'Tabla LFT'!$B$2:$B$12))) | G17: =IF(C17="","",E17-F17) | H17: =IF(OR(C17="",I17=""),"",ROUND(I17*G17*0.25,2))
A18: 12 | D18: =IF(C18="","",DATEDIF(C18,$G$4,"Y")) | E18: =IF(C18="","",IF(D18<1,0,LOOKUP(D18,'Tabla LFT'!$A$2:$A$12,'Tabla LFT'!$B$2:$B$12))) | G18: =IF(C18="","",E18-F18) | H18: =IF(OR(C18="",I18=""),"",ROUND(I18*G18*0.25,2))
... A36: 30 | D36: =IF(C36="","",DATEDIF(C36,$G$4,"Y")) | E36: =IF(C36="","",IF(D36<1,0,LOOKUP(D36,'Tabla LFT'!$A$2:$A$12,'Tabla LFT'!$B$2:$B$12))) | G36: =IF(C36="","",E36-F36) | H36: =IF(OR(C36="",I36=""),"",ROUND(I36*G36*0.25,2))

Sheet Tabla LFT
A1: Años de servicio | B1: Días de vacaciones
A2: 1 | B2: 12
A3: 2 | B3: 14
A4: 3 | B4: 16
A5: 4 | B5: 18
A6: 5 | B6: 20
A7: 6 | B7: 22
A8: 11 | B8: 24
A9: 16 | B9: 26
A10: 21 | B10: 28
A11: 26 | B11: 30
A12: 31 | B12: 32
