Workbook

Sheet PORTADA
B2: GRUPO CANVILLE | E2: VERSIÓN 2.0 · MÉXICO
B4: EVALUACIÓN DE DESEMPEÑO
B6: Formato administrativo profesional · editable · listo para imprimir
C9: FÓRMULAS AUTOMÁTICAS | D9: LISTAS DESPLEGABLES | E9: HOJAS PROTEGIDAS | F9: LISTO PARA IMPRIMIR
B15: ¿QUÉ INCLUYE ESTE ARCHIVO?
B16: ▸ | C16: FORMATO | D16: Hoja principal de captura. Aquí registras tu información; las celdas grises calculan solas.
B17: ▸ | C17: RESUMEN | D17: Tablero con indicadores y gráficas que se actualizan automáticamente con tus datos.
B18: ▸ | C18: AYUDA | D18: Preguntas frecuentes, glosario y lista de verificación para cerrar tu periodo.
B20: CÓMO USARLO
B21: 1 | C21: Llena los datos del empleado y califica cada criterio de 1 a 5.
B22: 2 | C22: Los pesos suman 100% y pueden modificarse; cuida que el total siga siendo 100%.
B23: 3 | C23: El resultado ponderado y la categoría se calculan automáticamente.
B24: 4 | C24: Documenta fortalezas y plan de acción antes de recabar firmas.
B25: 5 | C25: Personaliza: inserta tu logotipo en el recuadro punteado de la esquina superior derecha (Insertar > Imágenes) y captura los datos de tu empresa en las celdas de captura.
B27: RECOMENDACIONES DE USO
B28: ✓ | C28: Evalúa con hechos y ejemplos, no con impresiones; anota evidencia en la columna de comentarios.
B29: ✓ | C29: Comparte los criterios con el empleado al inicio del periodo.
B30: ✓ | C30: Realiza la entrevista de retroalimentación dentro de la semana siguiente a la evaluación.
B31: ✓ | C31: Los pesos de los criterios deben sumar 100%.
B33: LEYENDA DE COLORES
C34: CELDA DE CAPTURA: escribe aquí.
C35: CÁLCULO AUTOMÁTICO: no la modifiques.
C36: ENCABEZADOS Y TÍTULOS.
B38: GRUPO CANVILLE · Formatos administrativos · Para uso interno de tu empresa

Sheet FORMATO
A1: EVALUACIÓN DE DESEMPEÑO | F1: INSERTE SU LOGO (clic derecho > Insertar imagen)
A2: Califica de 1 (deficiente) a 5 (sobresaliente)
A4: EMPLEADO | D4: PUESTO
A5: ÁREA | D5: PERIODO
A6: EVALUADOR | D6: FECHA
A8: NO. | B8: CRITERIO | C8: CALIFICACIÓN (1-5) | D8: PESO % | E8: PONDERADO | F8: COMENTARIOS
A9: 1 | B9: CALIDAD DEL TRABAJO | D9: 0.2 | E9: =IF(C9="","",C9*D9)
A10: 2 | B10: CUMPLIMIENTO DE OBJETIVOS | D10: 0.2 | E10: =IF(C10="","",C10*D10)
A11: 3 | B11: PRODUCTIVIDAD Y ORDEN | D11: 0.1 | E11: =IF(C11="","",C11*D11)
A12: 4 | B12: TRABAJO EN EQUIPO | D12: 0.1 | E12: =IF(C12="","",C12*D12)
A13: 5 | B13: COMUNICACIÓN | D13: 0.1 | E13: =IF(C13="","",C13*D13)
A14: 6 | B14: INICIATIVA Y PROACTIVIDAD | D14: 0.1 | E14: =IF(C14="","",C14*D14)
A15: 7 | B15: PUNTUALIDAD Y ASISTENCIA | D15: 0.1 | E15: =IF(C15="","",C15*D15)
A16: 8 | B16: APEGO A POLÍTICAS Y VALORES | D16: 0.1 | E16: =IF(C16="","",C16*D16)
C17: RESULTADO | D17: =SUM(D9:D16) | E17: =SUM(E9:E16)
B18: =IF(COUNT(C9:C16)=0,"",IF(E17>=4.5,"SOBRESALIENTE",IF(E17>=3.5,"SATISFACTORIO",IF(E17>=2.5,"REQUIERE MEJORA","DEFICIENTE"))))
B20: FORTALEZAS
B25: ÁREAS DE OPORTUNIDAD / PLAN DE ACCIÓN
A33: EVALUADO | C33: EVALUADOR | E33: RH

Sheet RESUMEN
A1: RESUMEN DE LA EVALUACIÓN | H1: INSERTE SU LOGO (clic derecho > Insertar imagen)
A2: Resultado por criterio y calificación global
B4: RESULTADO GLOBAL | D4: CATEGORÍA | F4: MEJOR CRITERIO | H4: A MEJORAR
B5: =IF(COUNT(FORMATO!C9:C16)=0,0,FORMATO!E17) | D5: =FORMATO!B18 | F5: =IFERROR(INDEX(B26:B33,MATCH(MAX(C26:C33),C26:C33,0)),"") | H5: =IF(COUNT(C26:C33)=0,"",IFERROR(INDEX(B26:B33,MATCH(MIN(C26:C33),C26:C33,0)),""))
B25: CRITERIO | C25: CALIFICACIÓN
B26: =FORMATO!B9 | C26: =IF(FORMATO!C9="",0,FORMATO!C9)
B27: =FORMATO!B10 | C27: =IF(FORMATO!C10="",0,FORMATO!C10)
B28: =FORMATO!B11 | C28: =IF(FORMATO!C11="",0,FORMATO!C11)
B29: =FORMATO!B12 | C29: =IF(FORMATO!C12="",0,FORMATO!C12)
B30: =FORMATO!B13 | C30: =IF(FORMATO!C13="",0,FORMATO!C13)
B31: =FORMATO!B14 | C31: =IF(FORMATO!C14="",0,FORMATO!C14)
B32: =FORMATO!B15 | C32: =IF(FORMATO!C15="",0,FORMATO!C15)
B33: =FORMATO!B16 | C33: =IF(FORMATO!C16="",0,FORMATO!C16)

Sheet AYUDA
B1: AYUDA Y PREGUNTAS FRECUENTES
B2: EVALUACIÓN DE DESEMPEÑO
B5: PREGUNTAS FRECUENTES
C6: ¿Puedo cambiar los criterios? | D6: Sí, edita el nombre y el peso; verifica que el total sea 100%.
C7: ¿Qué hago con una calificación baja? | D7: Acuerda un plan de acción con metas medibles y fecha de revisión.
C8: ¿Por qué no puedo escribir en algunas celdas? | D8: La hoja está protegida para que no se borren fórmulas por accidente. Solo se editan las celdas de captura (color crema). Si necesitas modificar algo más: pestaña Revisar > Desproteger hoja (no tiene contraseña).
C9: ¿Cómo agrego mi logotipo? | D9: Haz clic en el recuadro punteado de la esquina superior derecha del formato y usa Insertar > Imágenes. Ajusta el tamaño sin salirte del recuadro.
C10: ¿Cómo lo imprimo o lo convierto a PDF? | D10: Archivo > Imprimir (ya está ajustado a una hoja de ancho). Para PDF elige 'Microsoft Print to PDF' o Archivo > Exportar > PDF.
C11: ¿Con qué versiones de Excel funciona? | D11: Excel 2016, 2019, 2021 y Microsoft 365 (Windows y Mac). Funciona en LibreOffice y Google Sheets, aunque algunas gráficas y formatos pueden verse distintos.
C12: ¿Por qué la letra se ve diferente? | D12: El diseño usa la fuente Abadi, incluida en Microsoft 365. Si tu versión no la tiene, Excel la sustituye por otra; no afecta el funcionamiento.
C13: ¿Puedo usarlo en varias empresas o por varios años? | D13: Sí. Guarda una copia del archivo por empresa o por periodo (Archivo > Guardar como) y deja el original en blanco como plantilla maestra.
B15: GLOSARIO
C16: PONDERADO | D16: Calificación x peso del criterio.
C17: SOBRESALIENTE | D17: Resultado >= 4.5
C18: SATISFACTORIO | D18: Resultado >= 3.5
C19: REQUIERE MEJORA | D19: Resultado >= 2.5
C20: DEFICIENTE | D20: Resultado < 2.5
B22: LISTA DE VERIFICACIÓN (marca ☑ al completar)
B23: ☐ | C23: Criterios acordados con el empleado
B24: ☐ | C24: Evaluación llenada con evidencias
B25: ☐ | C25: Retroalimentación realizada
B26: ☐ | C26: Plan de acción firmado
