Workbook

Sheet PORTADA
B2: FORMATOS ADMINISTRATIVOS | E2: VERSIÓN 2.0 · MÉXICO
B4: CONTROL DE INVENTARIO
B6: Formato administrativo profesional · editable · listo para imprimir
C9: FÓRMULAS AUTOMÁTICAS | D9: LISTAS DESPLEGABLES | E9: HOJAS PROTEGIDAS | F9: LISTO PARA IMPRIMIR
B15: ¿QUÉ INCLUYE ESTE ARCHIVO?
B16: ▸ | C16: FORMATO | D16: Hoja principal de captura. Aquí registras tu información; las celdas grises calculan solas.
B17: ▸ | C17: RESUMEN | D17: Tablero con indicadores y gráficas que se actualizan automáticamente con tus datos.
B18: ▸ | C18: AYUDA | D18: Preguntas frecuentes, glosario y lista de verificación para cerrar tu periodo.
B20: FICHA TÉCNICA
C21: Capacidad | D21: 300 productos
C22: Compatibilidad | D22: Excel 2016, 2019, 2021 y Microsoft 365 (Windows y Mac)
C23: Idioma y moneda | D23: Español (México) · Pesos mexicanos (MXN) · IVA 16%
C24: Protección | D24: Hojas protegidas sin contraseña (Revisar > Desproteger hoja)
C25: Fuente | D25: Arial (disponible en Windows, Mac y Google Sheets)
B27: CÓMO USARLO
B28: 1 | C28: Registra cada producto con su código, inventario inicial, costo y stock mínimo.
B29: 2 | C29: Actualiza las columnas Entradas y Salidas con los totales del periodo.
B30: 3 | C30: La existencia y el valor del inventario se calculan solos.
B31: 4 | C31: La columna Estatus resalta en amarillo los productos por reabastecer y en rojo los agotados.
B32: 5 | C32: Personaliza: inserta tu logotipo en el recuadro punteado de la esquina superior derecha (Insertar > Imágenes) y captura los datos de tu empresa en las celdas de captura.
B34: RECOMENDACIONES DE USO
B35: ✓ | C35: Define un stock mínimo por producto basado en el consumo y el tiempo de entrega del proveedor.
B36: ✓ | C36: Haz conteos cíclicos (ABC): los productos de mayor valor se cuentan con más frecuencia.
B37: ✓ | C37: Registra entradas y salidas con documento de respaldo.
B38: ✓ | C38: Revisa semanalmente los productos en REABASTECER y SIN STOCK.
B40: LEYENDA DE COLORES
C41: CELDA DE CAPTURA: escribe aquí.
C42: CÁLCULO AUTOMÁTICO: no la modifiques.
C43: ENCABEZADOS Y TÍTULOS.
C44: * CAMPO OBLIGATORIO: complétalo antes de imprimir o enviar.
B46: Formatos administrativos · Para uso interno de tu empresa

Sheet FORMATO
A1: CONTROL DE INVENTARIO | K1: INSERTE SU LOGO (clic derecho > Insertar imagen)
A2: Existencias, valuación y alertas de reabasto
A4: ALMACÉN * | B4: ALMACÉN CENTRAL | F4: FECHA * | G4: 46302
A6: NO. | B6: CÓDIGO / SKU | C6: DESCRIPCIÓN | D6: CATEGORÍA | E6: UNIDAD | F6: INV. INICIAL | G6: ENTRADAS | H6: SALIDAS | I6: EXISTENCIA | J6: COSTO UNITARIO | K6: VALOR INVENTARIO | L6: STOCK MÍNIMO | M6: ESTATUS
A7: 1 | B7: P-001 | C7: PAPEL BOND CARTA (CAJA 5000) | D7: PAPELERÍA | E7: CAJA | F7: 40 | G7: 60 | H7: 72 | I7: =IF(B7="","",F7+G7-H7) | J7: 780 | K7: =IF(B7="","",I7*J7) | L7: 15 | M7: =IF(B7="","",IF(I7<=0,"SIN STOCK",IF(I7<=L7,"REABASTECER","OK")))
A8: 2 | B8: P-002 | C8: TÓNER NEGRO HP 85A | D8: CONSUMIBLES | E8: PIEZA | F8: 25 | G8: 10 | H8: 31 | I8: =IF(B8="","",F8+G8-H8) | J8: 920 | K8: =IF(B8="","",I8*J8) | L8: 8 | M8: =IF(B8="","",IF(I8<=0,"SIN STOCK",IF(I8<=L8,"REABASTECER","OK")))
A9: 3 | B9: P-003 | C9: FOLDER MANILA CARTA (100) | D9: PAPELERÍA | E9: PAQUETE | F9: 60 | G9: 0 | H9: 22 | I9: =IF(B9="","",F9+G9-H9) | J9: 145 | K9: =IF(B9="","",I9*J9) | L9: 20 | M9: =IF(B9="","",IF(I9<=0,"SIN STOCK",IF(I9<=L9,"REABASTECER","OK")))
A10: 4 | B10: P-004 | C10: PLUMA AZUL (CAJA 12) | D10: PAPELERÍA | E10: CAJA | F10: 30 | G10: 20 | H10: 38 | I10: =IF(B10="","",F10+G10-H10) | J10: 96 | K10: =IF(B10="","",I10*J10) | L10: 10 | M10: =IF(B10="","",IF(I10<=0,"SIN STOCK",IF(I10<=L10,"REABASTECER","OK")))
A11: 5 | B11: P-005 | C11: CUADERNO PROFESIONAL | D11: PAPELERÍA | E11: PIEZA | F11: 120 | G11: 80 | H11: 150 | I11: =IF(B11="","",F11+G11-H11) | J11: 28 | K11: =IF(B11="","",I11*J11) | L11: 40 | M11: =IF(B11="","",IF(I11<=0,"SIN STOCK",IF(I11<=L11,"REABASTECER","OK")))
A12: 6 | B12: P-006 | C12: ENGRAPADORA METÁLICA | D12: EQUIPO | E12: PIEZA | F12: 12 | G12: 0 | H12: 4 | I12: =IF(B12="","",F12+G12-H12) | J12: 185 | K12: =IF(B12="","",I12*J12) | L12: 6 | M12: =IF(B12="","",IF(I12<=0,"SIN STOCK",IF(I12<=L12,"REABASTECER","OK")))
A13: 7 | B13: P-007 | C13: CINTA ADHESIVA TRANSPARENTE | D13: CONSUMIBLES | E13: ROLLO | F13: 90 | G13: 40 | H13: 110 | I13: =IF(B13="","",F13+G13-H13) | J13: 18 | K13: =IF(B13="","",I13*J13) | L13: 30 | M13: =IF(B13="","",IF(I13<=0,"SIN STOCK",IF(I13<=L13,"REABASTECER","OK")))
A14: 8 | B14: P-008 | C14: MARCADOR PERMANENTE | D14: PAPELERÍA | E14: PIEZA | F14: 50 | G14: 25 | H14: 70 | I14: =IF(B14="","",F14+G14-H14) | J14: 22 | K14: =IF(B14="","",I14*J14) | L14: 25 | M14: =IF(B14="","",IF(I14<=0,"SIN STOCK",IF(I14<=L14,"REABASTECER","OK")))
A15: 9 | B15: P-009 | C15: TINTA EPSON 664 NEGRO | D15: CONSUMIBLES | E15: PIEZA | F15: 18 | G15: 0 | H15: 18 | I15: =IF(B15="","",F15+G15-H15) | J15: 210 | K15: =IF(B15="","",I15*J15) | L15: 6 | M15: =IF(B15="","",IF(I15<=0,"SIN STOCK",IF(I15<=L15,"REABASTECER","OK")))
A16: 10 | B16: P-010 | C16: SILLA ERGONÓMICA | D16: MOBILIARIO | E16: PIEZA | F16: 14 | G16: 6 | H16: 9 | I16: =IF(B16="","",F16+G16-H16) | J16: 2450 | K16: =IF(B16="","",I16*J16) | L16: 4 | M16: =IF(B16="","",IF(I16<=0,"SIN STOCK",IF(I16<=L16,"REABASTECER","OK")))
A17: 11 | B17: P-011 | C17: ESCRITORIO EJECUTIVO | D17: MOBILIARIO | E17: PIEZA | F17: 8 | G17: 2 | H17: 7 | I17: =IF(B17="","",F17+G17-H17) | J17: 4890 | K17: =IF(B17="","",I17*J17) | L17: 3 | M17: =IF(B17="","",IF(I17<=0,"SIN STOCK",IF(I17<=L17,"REABASTECER","OK")))
A18: 12 | B18: P-012 | C18: CLIPS ESTÁNDAR (CAJA) | D18: PAPELERÍA | E18: CAJA | F18: 200 | G18: 100 | H18: 140 | I18: =IF(B18="","",F18+G18-H18) | J18: 14 | K18: =IF(B18="","",I18*J18) | L18: 50 | M18: =IF(B18="","",IF(I18<=0,"SIN STOCK",IF(I18<=L18,"REABASTECER","OK")))
... A24: 18 | B24: P-018 | C24: PIZARRÓN BLANCO 90X120 | D24: MOBILIARIO | E24: PIEZA | F24: 5 | G24: 0 | H24: 5 | I24: =IF(B24="","",F24+G24-H24) | J24: 1480 | K24: =IF(B24="","",I24*J24) | L24: 2 | M24: =IF(B24="","",IF(I24<=0,"SIN STOCK",IF(I24<=L24,"REABASTECER","OK")))
A25: 19 | I25: =IF(B25="","",F25+G25-H25) | K25: =IF(B25="","",I25*J25) | M25: =IF(B25="","",IF(I25<=0,"SIN STOCK",IF(I25<=L25,"REABASTECER","OK")))
A26: 20 | I26: =IF(B26="","",F26+G26-H26) | K26: =IF(B26="","",I26*J26) | M26: =IF(B26="","",IF(I26<=0,"SIN STOCK",IF(I26<=L26,"REABASTECER","OK")))
A27: 21 | I27: =IF(B27="","",F27+G27-H27) | K27: =IF(B27="","",I27*J27) | M27: =IF(B27="","",IF(I27<=0,"SIN STOCK",IF(I27<=L27,"REABASTECER","OK")))
A28: 22 | I28: =IF(B28="","",F28+G28-H28) | K28: =IF(B28="","",I28*J28) | M28: =IF(B28="","",IF(I28<=0,"SIN STOCK",IF(I28<=L28,"REABASTECER","OK")))
A29: 23 | I29: =IF(B29="","",F29+G29-H29) | K29: =IF(B29="","",I29*J29) | M29: =IF(B29="","",IF(I29<=0,"SIN STOCK",IF(I29<=L29,"REABASTECER","OK")))
A30: 24 | I30: =IF(B30="","",F30+G30-H30) | K30: =IF(B30="","",I30*J30) | M30: =IF(B30="","",IF(I30<=0,"SIN STOCK",IF(I30<=L30,"REABASTECER","OK")))
A31: 25 | I31: =IF(B31="","",F31+G31-H31) | K31: =IF(B31="","",I31*J31) | M31: =IF(B31="","",IF(I31<=0,"SIN STOCK",IF(I31<=L31,"REABASTECER","OK")))
A32: 26 | I32: =IF(B32="","",F32+G32-H32) | K32: =IF(B32="","",I32*J32) | M32: =IF(B32="","",IF(I32<=0,"SIN STOCK",IF(I32<=L32,"REABASTECER","OK")))
A33: 27 | I33: =IF(B33="","",F33+G33-H33) | K33: =IF(B33="","",I33*J33) | M33: =IF(B33="","",IF(I33<=0,"SIN STOCK",IF(I33<=L33,"REABASTECER","OK")))
A34: 28 | I34: =IF(B34="","",F34+G34-H34) | K34: =IF(B34="","",I34*J34) | M34: =IF(B34="","",IF(I34<=0,"SIN STOCK",IF(I34<=L34,"REABASTECER","OK")))
A35: 29 | I35: =IF(B35="","",F35+G35-H35) | K35: =IF(B35="","",I35*J35) | M35: =IF(B35="","",IF(I35<=0,"SIN STOCK",IF(I35<=L35,"REABASTECER","OK")))
A36: 30 | I36: =IF(B36="","",F36+G36-H36) | K36: =IF(B36="","",I36*J36) | M36: =IF(B36="","",IF(I36<=0,"SIN STOCK",IF(I36<=L36,"REABASTECER","OK")))
... A306: 300 | I306: =IF(B306="","",F306+G306-H306) | K306: =IF(B306="","",I306*J306) | M306: =IF(B306="","",IF(I306<=0,"SIN STOCK",IF(I306<=L306,"REABASTECER","OK")))
H307: TOTAL | I307: =SUM(I7:I306) | K307: =SUM(K7:K306)

Sheet RESUMEN
A1: RESUMEN DE INVENTARIO | H1: INSERTE SU LOGO (clic derecho > Insertar imagen)
A2: Valor, existencias y alertas de reabasto
B4: VALOR DEL INVENTARIO | D4: PRODUCTOS | F4: POR REABASTECER | H4: SIN STOCK
B5: =FORMATO!K307 | D5: =COUNTA(FORMATO!B7:B306) | F5: =COUNTIF(FORMATO!M7:M306,"REABASTECER") | H5: =COUNTIF(FORMATO!M7:M306,"SIN STOCK")
B7: =IF(D5=0,"Captura productos en la hoja FORMATO para ver el análisis automático.","Producto de mayor valor: "&INDEX(FORMATO!C7:C306,MATCH(MAX(FORMATO!K7:K306),FORMATO!K7:K306,0))&". Por reabastecer: "&F5&" · Sin stock: "&H5&".")
B25: ESTATUS | C25: PRODUCTOS
B26: OK | C26: =COUNTIF(FORMATO!M7:M306,"OK")
B27: REABASTECER | C27: =F5
B28: SIN STOCK | C28: =H5

Sheet AYUDA
B1: AYUDA Y PREGUNTAS FRECUENTES
B2: CONTROL DE INVENTARIO
B5: PREGUNTAS FRECUENTES
C6: ¿Cómo corrijo diferencias de inventario? | D6: Ajusta con una entrada o salida por ajuste y anota el motivo en tu bitácora.
C7: ¿Puedo manejar varias bodegas? | D7: Usa una copia del archivo por bodega o agrega la bodega en la categoría.
C8: ¿Por qué no puedo escribir en algunas celdas? | D8: La hoja está protegida para que no se borren fórmulas por accidente. Solo se editan las celdas de captura (color crema). Si necesitas modificar algo más: pestaña Revisar > Desproteger hoja (no tiene contraseña).
C9: ¿Cómo agrego mi logotipo? | D9: Haz clic en el recuadro punteado de la esquina superior derecha del formato y usa Insertar > Imágenes. Ajusta el tamaño sin salirte del recuadro.
C10: ¿Cómo lo imprimo o lo convierto a PDF? | D10: Archivo > Imprimir (ya está ajustado a una hoja de ancho). Para PDF elige 'Microsoft Print to PDF' o Archivo > Exportar > PDF.
C11: ¿Con qué versiones de Excel funciona? | D11: Excel 2016, 2019, 2021 y Microsoft 365 (Windows y Mac). Funciona en LibreOffice y Google Sheets, aunque algunas gráficas y formatos pueden verse distintos.
C12: ¿Puedo cambiar la letra? | D12: El diseño usa la fuente Arial, disponible en Windows, Mac y Google Sheets. Si necesitas otra, selecciona todo (Ctrl+E) y cambia la fuente; no afecta el funcionamiento.
C13: ¿Puedo usarlo en varias empresas o por varios años? | D13: Sí. Guarda una copia del archivo por empresa o por periodo (Archivo > Guardar como) y deja el original en blanco como plantilla maestra.
B15: GLOSARIO
C16: EXISTENCIA | D16: Inventario inicial + entradas - salidas.
C17: STOCK MÍNIMO | D17: Nivel que dispara una nueva compra.
C18: SKU | D18: Código único de cada producto.
C19: VALOR DE INVENTARIO | D19: Existencia x costo unitario.
B21: LISTA DE VERIFICACIÓN (marca ☑ al completar)
B22: ☐ | C22: Conteo físico realizado
B23: ☐ | C23: Entradas y salidas capturadas
B24: ☐ | C24: Diferencias analizadas
B25: ☐ | C25: Compras sugeridas generadas
