Workbook

Sheet PORTADA
B2: FORMATOS ADMINISTRATIVOS | E2: VERSIÓN 2.0 · MÉXICO
B4: CONTROL DE VACACIONES
B6: Formato administrativo profesional · editable · listo para imprimir
C9: FÓRMULAS AUTOMÁTICAS | D9: LISTAS DESPLEGABLES | E9: HOJAS PROTEGIDAS | F9: LISTO PARA IMPRIMIR
B15: ¿QUÉ INCLUYE ESTE ARCHIVO?
B16: ▸ | C16: FORMATO | D16: Hoja principal de captura. Aquí registras tu información; las celdas grises calculan solas.
B17: ▸ | C17: TABLA LFT | D17: Días de vacaciones por antigüedad conforme a la Ley Federal del Trabajo.
B18: ▸ | C18: RESUMEN | D18: Tablero con indicadores y gráficas que se actualizan automáticamente con tus datos.
B19: ▸ | C19: AYUDA | D19: Preguntas frecuentes, glosario y lista de verificación para cerrar tu periodo.
B21: CÓMO USARLO
B22: 1 | C22: Captura fecha de ingreso, días tomados y sueldo diario de cada empleado.
B23: 2 | C23: Los años de servicio y los días que corresponden se calculan con la tabla de la Ley Federal del Trabajo (hoja 'Tabla LFT').
B24: 3 | C24: La prima vacacional (25%) se calcula sobre los días pendientes.
B25: 4 | C25: Verifica siempre la tabla contra la legislación vigente y tu contrato colectivo, si aplica.
B26: 5 | C26: Personaliza: inserta tu logotipo en el recuadro punteado de la esquina superior derecha (Insertar > Imágenes) y captura los datos de tu empresa en las celdas de captura.
B28: RECOMENDACIONES DE USO
B29: ✓ | C29: Los días corresponden por años cumplidos según la LFT vigente (reforma 'Vacaciones Dignas', 2023).
B30: ✓ | C30: La prima vacacional mínima es 25% sobre los salarios de los días de vacaciones.
B31: ✓ | C31: Las vacaciones deben disfrutarse dentro de los 6 meses siguientes al cumplir el año de servicio.
B32: ✓ | C32: Revisa tu contrato colectivo: puede otorgar más días que la ley.
B34: LEYENDA DE COLORES
C35: CELDA DE CAPTURA: escribe aquí.
C36: CÁLCULO AUTOMÁTICO: no la modifiques.
C37: ENCABEZADOS Y TÍTULOS.
B39: Formatos administrativos · Para uso interno de tu empresa

Sheet FORMATO
A1: CONTROL DE VACACIONES | I1: INSERTE SU LOGO (clic derecho > Insertar imagen)
A2: Días según antigüedad (Reforma Vacaciones Dignas, LFT 2023)
A4: EMPRESA | B4: COMERCIALIZADORA EJEMPLO S.A. DE C.V. | F4: FECHA DE CORTE | G4: 46302
A6: NO. | B6: EMPLEADO | C6: FECHA INGRESO | D6: AÑOS CUMPLIDOS | E6: DÍAS QUE CORRESPONDEN | F6: DÍAS TOMADOS | G6: DÍAS PENDIENTES | H6: PRIMA VACACIONAL 25% | I6: SUELDO DIARIO
A7: 1 | B7: ANA LÓPEZ RAMÍREZ | C7: 43528 | D7: =IF(C7="","",DATEDIF(C7,$G$4,"Y")) | E7: =IF(C7="","",IF(D7<1,0,LOOKUP(D7,'TABLA LFT'!$A$2:$A$12,'TABLA LFT'!$B$2:$B$12))) | F7: 6 | G7: =IF(C7="","",E7-F7) | H7: =IF(OR(C7="",I7=""),"",ROUND(I7*G7*0.25,2)) | I7: 520
A8: 2 | B8: CARLOS PÉREZ SOTO | C8: 45152 | D8: =IF(C8="","",DATEDIF(C8,$G$4,"Y")) | E8: =IF(C8="","",IF(D8<1,0,LOOKUP(D8,'TABLA LFT'!$A$2:$A$12,'TABLA LFT'!$B$2:$B$12))) | F8: 0 | G8: =IF(C8="","",E8-F8) | H8: =IF(OR(C8="",I8=""),"",ROUND(I8*G8*0.25,2)) | I8: 410
A9: 3 | B9: LAURA MÉNDEZ CRUZ | C9: 42380 | D9: =IF(C9="","",DATEDIF(C9,$G$4,"Y")) | E9: =IF(C9="","",IF(D9<1,0,LOOKUP(D9,'TABLA LFT'!$A$2:$A$12,'TABLA LFT'!$B$2:$B$12))) | F9: 10 | G9: =IF(C9="","",E9-F9) | H9: =IF(OR(C9="",I9=""),"",ROUND(I9*G9*0.25,2)) | I9: 680
A10: 4 | B10: JOSÉ HERNÁNDEZ RUIZ | C10: 45691 | D10: =IF(C10="","",DATEDIF(C10,$G$4,"Y")) | E10: =IF(C10="","",IF(D10<1,0,LOOKUP(D10,'TABLA LFT'!$A$2:$A$12,'TABLA LFT'!$B$2:$B$12))) | F10: 0 | G10: =IF(C10="","",E10-F10) | H10: =IF(OR(C10="",I10=""),"",ROUND(I10*G10*0.25,2)) | I10: 350
A11: 5 | B11: PATRICIA NÚÑEZ VEGA | C11: 44368 | D11: =IF(C11="","",DATEDIF(C11,$G$4,"Y")) | E11: =IF(C11="","",IF(D11<1,0,LOOKUP(D11,'TABLA LFT'!$A$2:$A$12,'TABLA LFT'!$B$2:$B$12))) | F11: 8 | G11: =IF(C11="","",E11-F11) | H11: =IF(OR(C11="",I11=""),"",ROUND(I11*G11*0.25,2)) | I11: 460
A12: 6 | D12: =IF(C12="","",DATEDIF(C12,$G$4,"Y")) | E12: =IF(C12="","",IF(D12<1,0,LOOKUP(D12,'TABLA LFT'!$A$2:$A$12,'TABLA LFT'!$B$2:$B$12))) | G12: =IF(C12="","",E12-F12) | H12: =IF(OR(C12="",I12=""),"",ROUND(I12*G12*0.25,2))
A13: 7 | D13: =IF(C13="","",DATEDIF(C13,$G$4,"Y")) | E13: =IF(C13="","",IF(D13<1,0,LOOKUP(D13,'TABLA LFT'!$A$2:$A$12,'TABLA LFT'!$B$2:$B$12))) | G13: =IF(C13="","",E13-F13) | H13: =IF(OR(C13="",I13=""),"",ROUND(I13*G13*0.25,2))
A14: 8 | D14: =IF(C14="","",DATEDIF(C14,$G$4,"Y")) | E14: =IF(C14="","",IF(D14<1,0,LOOKUP(D14,'TABLA LFT'!$A$2:$A$12,'TABLA LFT'!$B$2:$B$12))) | G14: =IF(C14="","",E14-F14) | H14: =IF(OR(C14="",I14=""),"",ROUND(I14*G14*0.25,2))
A15: 9 | D15: =IF(C15="","",DATEDIF(C15,$G$4,"Y")) | E15: =IF(C15="","",IF(D15<1,0,LOOKUP(D15,'TABLA LFT'!$A$2:$A$12,'TABLA LFT'!$B$2:$B$12))) | G15: =IF(C15="","",E15-F15) | H15: =IF(OR(C15="",I15=""),"",ROUND(I15*G15*0.25,2))
A16: 10 | D16: =IF(C16="","",DATEDIF(C16,$G$4,"Y")) | E16: =IF(C16="","",IF(D16<1,0,LOOKUP(D16,'TABLA LFT'!$A$2:$A$12,'TABLA LFT'!$B$2:$B$12))) | G16: =IF(C16="","",E16-F16) | H16: =IF(OR(C16="",I16=""),"",ROUND(I16*G16*0.25,2))
A17: 11 | D17: =IF(C17="","",DATEDIF(C17,$G$4,"Y")) | E17: =IF(C17="","",IF(D17<1,0,LOOKUP(D17,'TABLA LFT'!$A$2:$A$12,'TABLA LFT'!$B$2:$B$12))) | G17: =IF(C17="","",E17-F17) | H17: =IF(OR(C17="",I17=""),"",ROUND(I17*G17*0.25,2))
A18: 12 | D18: =IF(C18="","",DATEDIF(C18,$G$4,"Y")) | E18: =IF(C18="","",IF(D18<1,0,LOOKUP(D18,'TABLA LFT'!$A$2:$A$12,'TABLA LFT'!$B$2:$B$12))) | G18: =IF(C18="","",E18-F18) | H18: =IF(OR(C18="",I18=""),"",ROUND(I18*G18*0.25,2))
A19: 13 | D19: =IF(C19="","",DATEDIF(C19,$G$4,"Y")) | E19: =IF(C19="","",IF(D19<1,0,LOOKUP(D19,'TABLA LFT'!$A$2:$A$12,'TABLA LFT'!$B$2:$B$12))) | G19: =IF(C19="","",E19-F19) | H19: =IF(OR(C19="",I19=""),"",ROUND(I19*G19*0.25,2))
A20: 14 | D20: =IF(C20="","",DATEDIF(C20,$G$4,"Y")) | E20: =IF(C20="","",IF(D20<1,0,LOOKUP(D20,'TABLA LFT'!$A$2:$A$12,'TABLA LFT'!$B$2:$B$12))) | G20: =IF(C20="","",E20-F20) | H20: =IF(OR(C20="",I20=""),"",ROUND(I20*G20*0.25,2))
A21: 15 | D21: =IF(C21="","",DATEDIF(C21,$G$4,"Y")) | E21: =IF(C21="","",IF(D21<1,0,LOOKUP(D21,'TABLA LFT'!$A$2:$A$12,'TABLA LFT'!$B$2:$B$12))) | G21: =IF(C21="","",E21-F21) | H21: =IF(OR(C21="",I21=""),"",ROUND(I21*G21*0.25,2))
A22: 16 | D22: =IF(C22="","",DATEDIF(C22,$G$4,"Y")) | E22: =IF(C22="","",IF(D22<1,0,LOOKUP(D22,'TABLA LFT'!$A$2:$A$12,'TABLA LFT'!$B$2:$B$12))) | G22: =IF(C22="","",E22-F22) | H22: =IF(OR(C22="",I22=""),"",ROUND(I22*G22*0.25,2))
A23: 17 | D23: =IF(C23="","",DATEDIF(C23,$G$4,"Y")) | E23: =IF(C23="","",IF(D23<1,0,LOOKUP(D23,'TABLA LFT'!$A$2:$A$12,'TABLA LFT'!$B$2:$B$12))) | G23: =IF(C23="","",E23-F23) | H23: =IF(OR(C23="",I23=""),"",ROUND(I23*G23*0.25,2))
... A66: 60 | D66: =IF(C66="","",DATEDIF(C66,$G$4,"Y")) | E66: =IF(C66="","",IF(D66<1,0,LOOKUP(D66,'TABLA LFT'!$A$2:$A$12,'TABLA LFT'!$B$2:$B$12))) | G66: =IF(C66="","",E66-F66) | H66: =IF(OR(C66="",I66=""),"",ROUND(I66*G66*0.25,2))

Sheet TABLA LFT
A1: AÑOS DE SERVICIO | B1: DÍAS DE VACACIONES
A2: 1 | B2: 12
A3: 2 | B3: 14
A4: 3 | B4: 16
A5: 4 | B5: 18
A6: 5 | B6: 20
A7: 6 | B7: 22
A8: 11 | B8: 24
A9: 16 | B9: 26
A10: 21 | B10: 28
A11: 26 | B11: 30
A12: 31 | B12: 32

Sheet RESUMEN
A1: RESUMEN DE VACACIONES | H1: INSERTE SU LOGO (clic derecho > Insertar imagen)
A2: Días pendientes y prima vacacional por pagar
B4: EMPLEADOS | D4: DÍAS PENDIENTES | F4: PRIMA VACACIONAL | H4: CON MÁS DE 10 DÍAS
B5: =COUNT(FORMATO!C7:C66) | D5: =SUM(FORMATO!G7:G66) | F5: =SUM(FORMATO!H7:H66) | H5: =COUNTIF(FORMATO!G7:G66,">10")
B25: EMPLEADO | C25: DÍAS PENDIENTES
B26: =IF(FORMATO!B7="","",FORMATO!B7) | C26: =IF(FORMATO!G7="",0,FORMATO!G7)
B27: =IF(FORMATO!B8="","",FORMATO!B8) | C27: =IF(FORMATO!G8="",0,FORMATO!G8)
B28: =IF(FORMATO!B9="","",FORMATO!B9) | C28: =IF(FORMATO!G9="",0,FORMATO!G9)
B29: =IF(FORMATO!B10="","",FORMATO!B10) | C29: =IF(FORMATO!G10="",0,FORMATO!G10)
B30: =IF(FORMATO!B11="","",FORMATO!B11) | C30: =IF(FORMATO!G11="",0,FORMATO!G11)
B31: =IF(FORMATO!B12="","",FORMATO!B12) | C31: =IF(FORMATO!G12="",0,FORMATO!G12)
B32: =IF(FORMATO!B13="","",FORMATO!B13) | C32: =IF(FORMATO!G13="",0,FORMATO!G13)
B33: =IF(FORMATO!B14="","",FORMATO!B14) | C33: =IF(FORMATO!G14="",0,FORMATO!G14)
B34: =IF(FORMATO!B15="","",FORMATO!B15) | C34: =IF(FORMATO!G15="",0,FORMATO!G15)
B35: =IF(FORMATO!B16="","",FORMATO!B16) | C35: =IF(FORMATO!G16="",0,FORMATO!G16)
B36: =IF(FORMATO!B17="","",FORMATO!B17) | C36: =IF(FORMATO!G17="",0,FORMATO!G17)
B37: =IF(FORMATO!B18="","",FORMATO!B18) | C37: =IF(FORMATO!G18="",0,FORMATO!G18)
... B40: =IF(FORMATO!B21="","",FORMATO!B21) | C40: =IF(FORMATO!G21="",0,FORMATO!G21)

Sheet AYUDA
B1: AYUDA Y PREGUNTAS FRECUENTES
B2: CONTROL DE VACACIONES
B5: PREGUNTAS FRECUENTES
C6: ¿Cuántos días me corresponden al primer año? | D6: 12 días laborables. Cada año aumentan 2 días hasta el cuarto año; después, 2 días cada 5 años.
C7: ¿Se pagan los días no gozados? | D7: No se pueden cambiar por dinero mientras continúe la relación laboral; solo se pagan en el finiquito.
C8: ¿Por qué no puedo escribir en algunas celdas? | D8: La hoja está protegida para que no se borren fórmulas por accidente. Solo se editan las celdas de captura (color crema). Si necesitas modificar algo más: pestaña Revisar > Desproteger hoja (no tiene contraseña).
C9: ¿Cómo agrego mi logotipo? | D9: Haz clic en el recuadro punteado de la esquina superior derecha del formato y usa Insertar > Imágenes. Ajusta el tamaño sin salirte del recuadro.
C10: ¿Cómo lo imprimo o lo convierto a PDF? | D10: Archivo > Imprimir (ya está ajustado a una hoja de ancho). Para PDF elige 'Microsoft Print to PDF' o Archivo > Exportar > PDF.
C11: ¿Con qué versiones de Excel funciona? | D11: Excel 2016, 2019, 2021 y Microsoft 365 (Windows y Mac). Funciona en LibreOffice y Google Sheets, aunque algunas gráficas y formatos pueden verse distintos.
C12: ¿Por qué la letra se ve diferente? | D12: El diseño usa la fuente Abadi, incluida en Microsoft 365. Si tu versión no la tiene, Excel la sustituye por otra; no afecta el funcionamiento.
C13: ¿Puedo usarlo en varias empresas o por varios años? | D13: Sí. Guarda una copia del archivo por empresa o por periodo (Archivo > Guardar como) y deja el original en blanco como plantilla maestra.
B15: GLOSARIO
C16: ANTIGÜEDAD | D16: Años completos de servicio.
C17: PRIMA VACACIONAL | D17: Pago adicional del 25% sobre los días de vacaciones.
C18: DÍAS PENDIENTES | D18: Días correspondientes - días tomados.
B20: LISTA DE VERIFICACIÓN (marca ☑ al completar)
B21: ☐ | C21: Fechas de ingreso verificadas
B22: ☐ | C22: Días tomados actualizados
B23: ☐ | C23: Solicitudes firmadas archivadas
B24: ☐ | C24: Prima vacacional programada en nómina
